{"pitch": [-4.034423388696971, 10.919901974653342, 216.17042419185825, 53.58149191715758], "energy": [-1.263643741607666, 16.19309425354004, 13.91707904753193, 11.01345125210825]}